{
  "name": "full_bf16",
  "n_steps": 200,
  "n_examples": 800,
  "batch_size": 4,
  "elapsed_sec": 83.29365280002821,
  "peak_allocated_gb": 10.221667328,
  "peak_reserved_gb": 10.86324736,
  "nvidia_smi_used_mb_before": 2359.0,
  "nvidia_smi_used_mb_after": 10585.0,
  "nvidia_smi_total_mb": 16384.0,
  "losses": [
    2.440168857574463,
    2.0743978023529053,
    2.390366554260254,
    2.0628743171691895,
    1.49556565284729,
    1.3853471279144287,
    1.2492908239364624,
    1.9103219509124756,
    1.2602076530456543,
    1.6765549182891846,
    1.6199681758880615,
    1.533259630203247,
    1.2759971618652344,
    1.3792427778244019,
    1.5992928743362427,
    1.5871593952178955,
    1.4254473447799683,
    1.266860008239746,
    1.2836534976959229,
    1.080828070640564,
    1.277214765548706,
    1.5556408166885376,
    1.5273653268814087,
    1.6288447380065918,
    1.4445632696151733,
    1.3460216522216797,
    1.0510036945343018,
    1.1855663061141968,
    1.0753430128097534,
    1.9646879434585571,
    1.3226306438446045,
    1.1269950866699219,
    1.3607655763626099,
    2.0327794551849365,
    1.5142608880996704,
    1.4469127655029297,
    1.3960626125335693,
    1.7163892984390259,
    1.0327396392822266,
    1.3828967809677124,
    1.3606492280960083,
    1.544018268585205,
    1.707438588142395,
    1.081164002418518,
    1.671863317489624,
    1.2276970148086548,
    1.393720030784607,
    2.009004592895508,
    1.175380825996399,
    1.7470588684082031,
    1.4157590866088867,
    1.4869273900985718,
    1.5543224811553955,
    1.4266858100891113,
    1.4757505655288696,
    1.0119006633758545,
    1.5279237031936646,
    1.2970798015594482,
    1.3095135688781738,
    1.7844107151031494,
    1.5002132654190063,
    1.2792308330535889,
    1.6147884130477905,
    1.605478286743164,
    1.408913016319275,
    1.2385503053665161,
    1.1754968166351318,
    1.1395756006240845,
    1.6581381559371948,
    1.4628714323043823,
    0.9480391144752502,
    1.4015928506851196,
    0.9853177666664124,
    1.2820571660995483,
    1.3216270208358765,
    1.0247925519943237,
    0.8146815896034241,
    1.3597438335418701,
    1.4971296787261963,
    1.8672250509262085,
    1.634545087814331,
    1.4019893407821655,
    1.3081458806991577,
    1.3279914855957031,
    1.423073410987854,
    1.2311371564865112,
    1.4841641187667847,
    1.2065502405166626,
    1.826286792755127,
    0.9831743240356445,
    0.9107327461242676,
    1.0656386613845825,
    1.7661083936691284,
    1.1570100784301758,
    1.2467330694198608,
    1.3474805355072021,
    1.6538753509521484,
    0.9593096971511841,
    0.8964808583259583,
    1.657943844795227,
    1.4073680639266968,
    1.1898647546768188,
    1.599284052848816,
    1.321161150932312,
    1.0557971000671387,
    1.4600602388381958,
    1.55696702003479,
    1.5024819374084473,
    1.5574350357055664,
    1.0267999172210693,
    1.058205008506775,
    1.137473464012146,
    1.3538837432861328,
    1.3058794736862183,
    1.5608917474746704,
    1.017759084701538,
    0.9438432455062866,
    0.9217051863670349,
    1.4195151329040527,
    1.1872161626815796,
    1.7616002559661865,
    1.2239514589309692,
    1.572532057762146,
    1.1895748376846313,
    1.2735011577606201,
    0.975986123085022,
    0.9984400272369385,
    1.4210078716278076,
    2.1029627323150635,
    1.1397219896316528,
    1.3289151191711426,
    1.5085477828979492,
    1.195097804069519,
    1.267942190170288,
    1.1961655616760254,
    1.0419642925262451,
    1.171072244644165,
    1.7679998874664307,
    1.2060905694961548,
    1.3739312887191772,
    1.5249418020248413,
    2.0833473205566406,
    1.2452516555786133,
    1.3833060264587402,
    1.4017537832260132,
    1.2169517278671265,
    1.2778210639953613,
    1.7701518535614014,
    1.356626272201538,
    1.2556116580963135,
    1.6782774925231934,
    1.3322757482528687,
    1.4661948680877686,
    1.1176313161849976,
    1.605290174484253,
    0.9311786890029907,
    1.3611570596694946,
    1.345958948135376,
    1.6833828687667847,
    1.4790129661560059,
    1.2958321571350098,
    1.5955008268356323,
    1.3965647220611572,
    0.7949610352516174,
    1.545546293258667,
    1.249230146408081,
    1.2209059000015259,
    1.3918219804763794,
    1.3597642183303833,
    1.9008159637451172,
    1.370680570602417,
    1.6643567085266113,
    1.8140647411346436,
    1.4880529642105103,
    1.5830894708633423,
    1.1648404598236084,
    1.5124050378799438,
    1.3948622941970825,
    1.3811250925064087,
    1.2137991189956665,
    1.5324022769927979,
    1.2961962223052979,
    1.0986182689666748,
    0.9656627178192139,
    1.487053632736206,
    1.708518147468567,
    1.4580237865447998,
    1.5494104623794556,
    1.6036051511764526,
    1.313666582107544,
    1.463958978652954,
    1.3646676540374756,
    1.3998730182647705,
    1.3555443286895752,
    1.2731496095657349,
    1.2957788705825806,
    1.3464630842208862,
    1.1736963987350464,
    0.5906417965888977,
    1.2963148355484009
  ],
  "first_loss": 2.440168857574463,
  "last_loss": 1.2963148355484009,
  "train_loss_avg": 1.3919788840413094
}