{
  "name": "lora_r8",
  "n_steps": 200,
  "n_examples": 800,
  "batch_size": 4,
  "elapsed_sec": 65.25955800001975,
  "peak_allocated_gb": 5.475660288,
  "peak_reserved_gb": 6.004146176,
  "nvidia_smi_used_mb_before": 2439.0,
  "nvidia_smi_used_mb_after": 5951.0,
  "nvidia_smi_total_mb": 16384.0,
  "losses": [
    2.440168857574463,
    3.875779390335083,
    3.3504323959350586,
    4.042734146118164,
    1.649207592010498,
    3.5254878997802734,
    4.0932793617248535,
    3.031589984893799,
    2.239773750305176,
    3.239135503768921,
    4.712454795837402,
    2.952366590499878,
    3.5479655265808105,
    2.4749839305877686,
    3.0577340126037598,
    1.963731050491333,
    2.3525357246398926,
    2.0391147136688232,
    1.4609925746917725,
    1.7074553966522217,
    1.909843921661377,
    1.7583255767822266,
    1.7133182287216187,
    1.8682130575180054,
    1.623769760131836,
    1.5832880735397339,
    1.2796039581298828,
    1.4908571243286133,
    1.2793536186218262,
    2.138571262359619,
    1.474783182144165,
    1.2844520807266235,
    1.5134092569351196,
    2.1600446701049805,
    1.6964958906173706,
    1.5949865579605103,
    1.5666007995605469,
    1.8446159362792969,
    1.1562767028808594,
    1.5058014392852783,
    1.5009779930114746,
    1.6544421911239624,
    1.8363035917282104,
    1.171915888786316,
    1.7479525804519653,
    1.3337000608444214,
    1.5365642309188843,
    2.1137583255767822,
    1.2743456363677979,
    1.8336364030838013,
    1.489548921585083,
    1.5532485246658325,
    1.6032034158706665,
    1.5182875394821167,
    1.561316967010498,
    1.066295862197876,
    1.6030046939849854,
    1.3384535312652588,
    1.3538161516189575,
    1.8210437297821045,
    1.5610133409500122,
    1.3285151720046997,
    1.6761265993118286,
    1.6572139263153076,
    1.444699764251709,
    1.2752925157546997,
    1.2075468301773071,
    1.168737530708313,
    1.716032862663269,
    1.4963274002075195,
    0.9763050675392151,
    1.441680669784546,
    1.0453773736953735,
    1.3343331813812256,
    1.3474414348602295,
    1.0608532428741455,
    0.8439239859580994,
    1.4132822751998901,
    1.5209226608276367,
    1.8710908889770508,
    1.6635081768035889,
    1.4095293283462524,
    1.3297892808914185,
    1.3815240859985352,
    1.4597768783569336,
    1.268625259399414,
    1.5154000520706177,
    1.2477531433105469,
    1.8737491369247437,
    1.0028748512268066,
    0.9417449235916138,
    1.0936928987503052,
    1.8094111680984497,
    1.193469762802124,
    1.2705669403076172,
    1.3647961616516113,
    1.7027069330215454,
    0.9870409369468689,
    0.9184395670890808,
    1.679050087928772,
    1.433112382888794,
    1.1985273361206055,
    1.6458450555801392,
    1.357153058052063,
    1.0636584758758545,
    1.4842655658721924,
    1.5758662223815918,
    1.530698537826538,
    1.5723742246627808,
    1.0442490577697754,
    1.070905327796936,
    1.1493223905563354,
    1.3757747411727905,
    1.3399521112442017,
    1.5812652111053467,
    1.0465387105941772,
    0.9695633053779602,
    0.9356626868247986,
    1.4461755752563477,
    1.2114695310592651,
    1.7888925075531006,
    1.2559916973114014,
    1.605189323425293,
    1.207051157951355,
    1.2964304685592651,
    1.02382230758667,
    1.0097755193710327,
    1.4421790838241577,
    2.125147581100464,
    1.1705068349838257,
    1.3464300632476807,
    1.5234564542770386,
    1.2282322645187378,
    1.2961939573287964,
    1.2292157411575317,
    1.064164400100708,
    1.190466046333313,
    1.804980993270874,
    1.2296466827392578,
    1.3937212228775024,
    1.5431264638900757,
    2.0877044200897217,
    1.2616387605667114,
    1.4100621938705444,
    1.4152417182922363,
    1.235829472541809,
    1.2987619638442993,
    1.7803738117218018,
    1.3809658288955688,
    1.2690372467041016,
    1.7159732580184937,
    1.3597588539123535,
    1.4878289699554443,
    1.1584484577178955,
    1.6257559061050415,
    0.9530778527259827,
    1.3904980421066284,
    1.3854016065597534,
    1.7094202041625977,
    1.523290753364563,
    1.3080954551696777,
    1.623340129852295,
    1.4238485097885132,
    0.8156601190567017,
    1.5618611574172974,
    1.2694995403289795,
    1.2265141010284424,
    1.41331148147583,
    1.3787119388580322,
    1.904112696647644,
    1.406022548675537,
    1.6965675354003906,
    1.83896005153656,
    1.502244234085083,
    1.598186731338501,
    1.1766196489334106,
    1.536733627319336,
    1.4196956157684326,
    1.3979789018630981,
    1.250203251838684,
    1.5541414022445679,
    1.319189429283142,
    1.1286147832870483,
    0.9813586473464966,
    1.4875164031982422,
    1.7471715211868286,
    1.4709229469299316,
    1.5780342817306519,
    1.6162927150726318,
    1.325695276260376,
    1.473211407661438,
    1.3688305616378784,
    1.4295212030410767,
    1.3643226623535156,
    1.2878568172454834,
    1.3223628997802734,
    1.3847284317016602,
    1.1908828020095825,
    0.6072483658790588,
    1.3183987140655518
  ],
  "first_loss": 2.440168857574463,
  "last_loss": 1.3183987140655518,
  "train_loss_avg": 1.5678602749109267
}