{
  "20": {
    "first5": 3.6063594102859495,
    "last10": 1.7567630648612975,
    "avg": 2.4249707102775573,
    "approx_epochs": 8.0,
    "losses": [
      5.962920188903809,
      1.9887585639953613,
      1.756135106086731,
      5.037451267242432,
      3.286531925201416,
      2.47189998626709,
      4.513892650604248,
      1.5809028148651123,
      4.719899654388428,
      2.915240526199341,
      1.8680306673049927,
      2.831782341003418,
      2.883092164993286,
      1.8151748180389404,
      4.195741653442383,
      1.4498722553253174,
      1.8389155864715576,
      3.03682017326355,
      2.8528828620910645,
      2.5816023349761963,
      1.9751404523849487,
      1.5439531803131104,
      2.309293031692505,
      2.7538065910339355,
      1.764799952507019,
      2.416346311569214,
      1.4327483177185059,
      1.7979167699813843,
      2.282095432281494,
      1.5675501823425293,
      1.7204946279525757,
      2.306901216506958,
      1.4646077156066895,
      1.6449769735336304,
      1.799748420715332,
      1.7476067543029785,
      1.7245478630065918,
      1.253029465675354,
      2.1910922527313232,
      1.714625358581543
    ]
  },
  "200": {
    "first5": 2.9620625495910646,
    "last10": 1.7666211485862733,
    "avg": 2.546172207593918,
    "approx_epochs": 0.8,
    "losses": [
      3.273951768875122,
      4.4771552085876465,
      1.8416800498962402,
      2.0070955753326416,
      3.210430145263672,
      4.566885948181152,
      6.404844284057617,
      9.593162536621094,
      3.6147403717041016,
      2.607379198074341,
      3.4793453216552734,
      1.7365052700042725,
      2.0722949504852295,
      2.070380449295044,
      2.5657176971435547,
      1.4459351301193237,
      2.8993916511535645,
      2.464785575866699,
      2.591073989868164,
      1.9611655473709106,
      1.6865965127944946,
      2.667614698410034,
      1.890215277671814,
      1.6597962379455566,
      1.6498605012893677,
      1.756483554840088,
      1.5253583192825317,
      2.5875930786132812,
      1.990304708480835,
      1.882933259010315,
      2.0819220542907715,
      1.7529819011688232,
      1.885231375694275,
      1.617089033126831,
      2.0814285278320312,
      1.9102314710617065,
      1.2886343002319336,
      1.4679086208343506,
      2.1646220684051514,
      1.416162133216858
    ]
  }
}