{
  "losses": [
    3.273951768875122,
    13.195576667785645,
    11.55830192565918,
    11.967697143554688,
    13.010763168334961,
    9.028042793273926,
    8.34967041015625,
    6.5056257247924805,
    15.437334060668945,
    15.627701759338379,
    9.111319541931152,
    9.847460746765137,
    10.176941871643066,
    9.523934364318848,
    10.199891090393066,
    10.32221794128418,
    10.941603660583496,
    10.420486450195312,
    10.36433219909668,
    10.416521072387695,
    10.75071907043457,
    10.828688621520996,
    10.223522186279297,
    9.530447006225586,
    11.044902801513672,
    10.41574764251709,
    9.908317565917969,
    10.922739028930664,
    10.105315208435059,
    9.511075973510742
  ],
  "has_nan": false,
  "avg": 10.417361648877462
}