{
  "rank": {
    "4": {
      "trainable": 563200,
      "first5": 2.979217052459717,
      "last5": 2.6379093647003176,
      "avg": 3.3809845805168153
    },
    "8": {
      "trainable": 1126400,
      "first5": 2.959686279296875,
      "last5": 2.11777400970459,
      "avg": 2.8634776433308917
    },
    "32": {
      "trainable": 4505600,
      "first5": 2.8488872051239014,
      "last5": 1.606554341316223,
      "avg": 2.0068429509798684
    }
  },
  "target_modules": {
    "qv_only": {
      "trainable": 1126400,
      "first5": 2.959686279296875,
      "last5": 2.11777400970459,
      "avg": 2.8634776433308917
    },
    "all_attn": {
      "trainable": 2252800,
      "first5": 2.9228837966918944,
      "last5": 1.6541171550750733,
      "avg": 2.32296861410141
    },
    "attn_plus_mlp": {
      "trainable": 6307840,
      "first5": 2.7277459383010862,
      "last5": 1.4823418259620667,
      "avg": 1.748407107591629
    }
  },
  "learning_rate": {
    "2e-05": {
      "first5": 2.991491460800171,
      "last5": 3.529388999938965,
      "avg": 3.9292303045590717,
      "losses": [
        3.273951768875122,
        4.536355495452881,
        1.8420464992523193,
        2.0085549354553223,
        3.29654860496521,
        4.7983832359313965,
        7.35291862487793,
        11.475619316101074,
        4.474369049072266,
        2.66879940032959,
        4.191861152648926,
        1.7523733377456665,
        2.6413683891296387,
        2.085491418838501,
        3.656834840774536,
        1.4677475690841675,
        6.866898536682129,
        4.048923969268799,
        3.950641632080078,
        2.510249137878418,
        3.079343795776367,
        6.1389641761779785,
        4.357463359832764,
        1.9453493356704712,
        5.808906555175781,
        3.2389955520629883,
        4.845518112182617,
        4.495343208312988,
        2.0230987071990967,
        3.043989419937134
      ]
    },
    "0.0002": {
      "first5": 2.959686279296875,
      "last5": 2.11777400970459,
      "avg": 2.8634776433308917,
      "losses": [
        3.273951768875122,
        4.472179412841797,
        1.8421120643615723,
        2.00754451751709,
        3.202643632888794,
        4.553465366363525,
        6.343608856201172,
        9.453709602355957,
        3.566852569580078,
        2.6035327911376953,
        3.484879970550537,
        1.738661766052246,
        2.0840060710906982,
        2.0672194957733154,
        2.6203131675720215,
        1.4474772214889526,
        2.9815635681152344,
        2.55521559715271,
        2.694509744644165,
        2.004009246826172,
        1.7804665565490723,
        2.961359739303589,
        1.9972217082977295,
        1.6816961765289307,
        1.8972586393356323,
        2.0317392349243164,
        1.9322136640548706,
        2.5331969261169434,
        1.9911779165267944,
        2.1005423069000244
      ]
    },
    "0.002": {
      "first5": 2.5029643535614015,
      "last5": 1.4711830377578736,
      "avg": 1.6614896297454833,
      "losses": [
        3.273951768875122,
        3.692014694213867,
        1.8396296501159668,
        1.9911030530929565,
        1.7181226015090942,
        2.0840089321136475,
        1.377864122390747,
        1.3388066291809082,
        1.2826337814331055,
        2.262200355529785,
        1.5097692012786865,
        1.6327897310256958,
        1.3509631156921387,
        1.9209012985229492,
        1.4225152730941772,
        1.3143328428268433,
        1.0334030389785767,
        1.5169203281402588,
        1.7856069803237915,
        1.4257962703704834,
        1.352600336074829,
        1.5748313665390015,
        1.4225808382034302,
        1.3560541868209839,
        1.0093733072280884,
        1.4286012649536133,
        0.9901950359344482,
        1.6433730125427246,
        1.8289568424224854,
        1.4647890329360962
      ]
    }
  }
}