{
  "name": "qlora_r8",
  "n_steps": 200,
  "n_examples": 800,
  "batch_size": 4,
  "elapsed_sec": 242.54819130001124,
  "peak_allocated_gb": 1.663897088,
  "peak_reserved_gb": 1.780482048,
  "nvidia_smi_used_mb_before": 1527.0,
  "nvidia_smi_used_mb_after": 1923.0,
  "nvidia_smi_total_mb": 16384.0,
  "losses": [
    2.4999091625213623,
    3.988419532775879,
    3.3766462802886963,
    4.049227237701416,
    1.715504765510559,
    3.5653228759765625,
    4.588318824768066,
    3.0500736236572266,
    2.259413719177246,
    3.2340548038482666,
    4.749152660369873,
    2.9710052013397217,
    3.3469767570495605,
    2.3885860443115234,
    2.8959269523620605,
    1.959176778793335,
    2.383751153945923,
    1.8108123540878296,
    1.4940012693405151,
    1.6332803964614868,
    1.8617467880249023,
    1.804344892501831,
    1.7474982738494873,
    1.9192402362823486,
    1.6814988851547241,
    1.6035792827606201,
    1.319288969039917,
    1.475754976272583,
    1.3236383199691772,
    2.201589584350586,
    1.5256603956222534,
    1.3218508958816528,
    1.5685025453567505,
    2.2006070613861084,
    1.7328940629959106,
    1.6246508359909058,
    1.602532148361206,
    1.8781805038452148,
    1.1946544647216797,
    1.5329266786575317,
    1.5449516773223877,
    1.698593020439148,
    1.880476713180542,
    1.1914430856704712,
    1.7861442565917969,
    1.3751612901687622,
    1.58950674533844,
    2.166031837463379,
    1.3102627992630005,
    1.8907136917114258,
    1.5520601272583008,
    1.6017037630081177,
    1.619893193244934,
    1.5536489486694336,
    1.6401667594909668,
    1.1252989768981934,
    1.6658707857131958,
    1.406880497932434,
    1.424841284751892,
    1.9027451276779175,
    1.6260141134262085,
    1.3856563568115234,
    1.7441315650939941,
    1.7217711210250854,
    1.505871295928955,
    1.3237091302871704,
    1.2548253536224365,
    1.2069392204284668,
    1.7794770002365112,
    1.5710214376449585,
    1.0338656902313232,
    1.4903125762939453,
    1.080625295639038,
    1.383499264717102,
    1.4170587062835693,
    1.1252121925354004,
    0.9107791781425476,
    1.4605377912521362,
    1.5810465812683105,
    1.9394595623016357,
    1.737234115600586,
    1.473426103591919,
    1.3809187412261963,
    1.4468082189559937,
    1.5422375202178955,
    1.3022640943527222,
    1.5656846761703491,
    1.3018087148666382,
    1.9444081783294678,
    1.060380458831787,
    0.9832548499107361,
    1.157397985458374,
    1.8800636529922485,
    1.2408941984176636,
    1.3427687883377075,
    1.4239321947097778,
    1.7599486112594604,
    1.0313096046447754,
    0.9771206378936768,
    1.7564067840576172,
    1.4830631017684937,
    1.245812177658081,
    1.6977417469024658,
    1.4139833450317383,
    1.102715253829956,
    1.5561745166778564,
    1.6337980031967163,
    1.6062633991241455,
    1.6441059112548828,
    1.1021384000778198,
    1.1140258312225342,
    1.2029898166656494,
    1.4199919700622559,
    1.3778414726257324,
    1.6316478252410889,
    1.0843533277511597,
    1.027616262435913,
    0.9730340242385864,
    1.500605583190918,
    1.2671667337417603,
    1.8460667133331299,
    1.31581711769104,
    1.650593876838684,
    1.275378704071045,
    1.3423590660095215,
    1.05778169631958,
    1.0577912330627441,
    1.498171091079712,
    2.174337387084961,
    1.2214672565460205,
    1.4145325422286987,
    1.577773094177246,
    1.2687100172042847,
    1.3462029695510864,
    1.2754976749420166,
    1.1122231483459473,
    1.2083874940872192,
    1.8565223217010498,
    1.2802834510803223,
    1.4416269063949585,
    1.5998799800872803,
    2.130303144454956,
    1.3069676160812378,
    1.4549973011016846,
    1.458606243133545,
    1.301043152809143,
    1.3402901887893677,
    1.8102537393569946,
    1.429856777191162,
    1.327919602394104,
    1.7708396911621094,
    1.4182714223861694,
    1.5152513980865479,
    1.2047291994094849,
    1.6678578853607178,
    0.9741750955581665,
    1.441144585609436,
    1.4334800243377686,
    1.7357261180877686,
    1.556841492652893,
    1.3289368152618408,
    1.6650201082229614,
    1.463870644569397,
    0.8330360651016235,
    1.599229335784912,
    1.3141392469406128,
    1.2669117450714111,
    1.4645100831985474,
    1.4287364482879639,
    1.9669469594955444,
    1.4538531303405762,
    1.7396271228790283,
    1.8979910612106323,
    1.555558443069458,
    1.637561321258545,
    1.2143619060516357,
    1.5751348733901978,
    1.4571058750152588,
    1.428545594215393,
    1.3047974109649658,
    1.6011326313018799,
    1.360032320022583,
    1.1640031337738037,
    1.0159423351287842,
    1.5396288633346558,
    1.77406644821167,
    1.5069524049758911,
    1.6383458375930786,
    1.6609389781951904,
    1.3674556016921997,
    1.5215346813201904,
    1.415722131729126,
    1.4456861019134521,
    1.397232174873352,
    1.311227560043335,
    1.3678423166275024,
    1.4075087308883667,
    1.245998501777649,
    0.6331234574317932,
    1.3728504180908203
  ],
  "first_loss": 2.4999091625213623,
  "last_loss": 1.3728504180908203,
  "train_loss_avg": 1.6119240114092828
}