{
  "experiment_id": "L4.1",
  "scenario_count": 5,
  "seeds_per_scenario": 20,
  "simulation_count": 100,
  "scenarios": {
    "identical_support": {
      "balanced": {
        "accuracy": 0.9824999999999999,
        "mean_utility": 0.7269833333333333,
        "mean_coverage": 0.9999999978795925,
        "private_none_rate": 1.0,
        "private_coverage": 0.0
      },
      "partial_lcb": {
        "accuracy": 1.0,
        "mean_utility": 0.7388499999999999,
        "mean_coverage": 0.8186747547344609,
        "private_none_rate": 1.0,
        "private_coverage": 0.0
      }
    },
    "frequency_shift": {
      "balanced": {
        "accuracy": 0.5899999999999999,
        "mean_utility": 0.4614,
        "mean_coverage": 0.9999999995787802,
        "private_none_rate": 1.0,
        "private_coverage": 0.0
      },
      "partial_lcb": {
        "accuracy": 1.0,
        "mean_utility": 0.7601000000000001,
        "mean_coverage": 0.6570392586234984,
        "private_none_rate": 1.0,
        "private_coverage": 0.0
      }
    },
    "missing_target_class": {
      "balanced": {
        "accuracy": 0.6808333333333333,
        "mean_utility": 0.5183000000000002,
        "mean_coverage": 0.999999998449485,
        "private_none_rate": 1.0,
        "private_coverage": 0.0
      },
      "partial_lcb": {
        "accuracy": 1.0,
        "mean_utility": 0.7448333333333335,
        "mean_coverage": 0.6532982971944358,
        "private_none_rate": 1.0,
        "private_coverage": 0.0
      }
    },
    "private_30pct": {
      "balanced": {
        "accuracy": 0.29666666666666663,
        "mean_utility": 0.10168333333333335,
        "mean_coverage": 0.9999999999994562,
        "private_none_rate": 0.0,
        "private_coverage": 0.9999999999985618
      },
      "partial_lcb": {
        "accuracy": 0.5541666666666667,
        "mean_utility": 0.2145166666666667,
        "mean_coverage": 0.7091666666666667,
        "private_none_rate": 1.0,
        "private_coverage": 0.0
      }
    },
    "semantic_conflict": {
      "semantic_only": {
        "accuracy": 0.0,
        "mean_utility": -0.22000000000000006,
        "mean_coverage": 0.8813835462536161,
        "private_none_rate": 1.0,
        "private_coverage": 0.0
      },
      "response_aware": {
        "accuracy": 1.0,
        "mean_utility": 0.7289166666666667,
        "mean_coverage": 0.8847573558542356,
        "private_none_rate": 1.0,
        "private_coverage": 0.0
      }
    }
  },
  "assertions": {
    "identical_partial_not_worse": true,
    "private_none_rate_ge_90pct": true,
    "private_coverage_le_5pct": true,
    "response_aware_beats_semantic_by_30pp": true
  },
  "ok": true
}
