method_key	method_label	role	unit_count	success_rate	mean_selected_steps	mean_branch_eval_steps	mean_branch_eval_count	selected_success_per_10_steps	branch_cost_success_per_100_steps	success_rank	selected_efficiency_rank	branch_cost_efficiency_rank
none	NONE / source policy	baseline	139	0.19424460431654678	45.84172661870504	45.84172661870504	1.0	0.09814943800927428	0.9814943800927428	6	6	6
alphabetical_full	alphabetical macro	baseline	139	0.4244604316546763	42.84892086330935	42.84892086330935	1.0	0.36055870717301103	3.6055870717301106	4	5	5
reverse_container_full	reverse-container macro	baseline	139	0.39568345323741005	35.9568345323741	35.9568345323741	1.0	0.7335837212582875	7.3358372125828755	5	2	2
baseline_branch_race_with_defer	baseline-only branch race	baseline	139	0.45323741007194246	22.68345323741007	203.76978417266187	4.553956834532374	0.5075131270430195	3.9852599289024844	3	3	4
source_exhaustive_full	source-prioritized exhaustive sweep	ablation	139	0.5539568345323741	36.884892086330936	36.884892086330936	1.0	0.47553076897379665	4.7553076897379665	2	4	3
source_horizon_aware_full	TRACE-H branch-race ledger	ours	139	0.5755395683453237	14.37410071942446	143.24460431654677	3.4532374100719423	0.9732239418549194	7.496052973132209	1	1	1
