method_key	method_label	role	task_count	mean_outcome_score	endpoint_success_rate	mean_check_pass_rate
traceh_endpoint_ledger	TRACE-H endpoint ledger	ours	30	1.0	1.0	1.0
narrow_file_tool	narrow file/email tool	baseline	30	0.38926089635854344	0.13333333333333333	0.47560990140503323
demo_local	HarnessBench demo adapter	baseline	30	0.3773561344537815	0.13333333333333333	0.4708479966431285
prompt_literal_stub	prompt-literal stub	baseline	30	0.3440228011204482	0.1	0.43751466330979516
schema_only	schema-only stubs	baseline	30	0.2773561344537815	0.03333333333333333	0.3708479966431285
fixture_copy	fixture copy/no transform	baseline	30	0.0747017086834734	0.0	0.12876718923777747
no_output	no output	baseline	30	0.0747017086834734	0.0	0.12876718923777747
